Word,Count
a,4
alleys,1
alongside,1
also,1
amidst,1
an,1
and,7
architecture,1
art,1
as,3
at,1
atmosphere,1
beauty,1
beer,2
berlin,4
brandenburg,1
buildings,1
bustling,1
but,1
by,3
cafes,1
capital,1
captivated,1
casting,1
city,2
connections,2
corner,1
creativity,1
culture,1
curious,1
drawn,1
each,1
echoes,1
eclectic,1
embarked,1
embracing,1
every,1
exchanging,1
experiences,1
expressive,1
eyes,1
feeling,1
forged,1
forging,1
found,1
from,1
further,1
galleries,1
gardens,1
gate,1
german,1
glow,1
golden,1
graffiticovered,1
had,1
he,4
heart,1
him,1
himself,1
his,1
history,2
iconic,1
immersed,1
in,1
insatiable,1
inspired,1
into,1
its,3
john,1
journey,1
juxtaposition,1
landmarks,1
laughter,1
like,1
lively,1
locals,1
mark,3
marveled,1
meaningful,1
modern,1
new,1
newâ€”ancient,1
not,1
of,11
old,1
on,1
only,1
opened,1
over,2
past,1
permeate,1
poignant,1
proudly,1
realized,1
remnants,1
resilience,1
rich,1
river,1
scene,1
seemed,1
set,1
smith,1
spirit,1
spree,1
standing,1
steins,1
stories,1
story,1
streets,1
strolled,1
sun,1
tales,1
telling,1
that,2
the,17
through,1
to,6
transformation,1
traveler,1
upon,1
venturing,1
vibrant,1
visited,1
wall,1
wanderlust,1
was,1
whispered,1
with,2
worldrenowned,1
